L,R_n,theta,delta,dL
22,3.215463194,58.217,0.576,3.416576249
