L,R_n,theta,delta,dL
76.21600383,3.34041281,71.24018664,0.741979025,1.171431345
